{
        "back_left_knee" : 238.32269287109375,
        "back_left_pitch" : -58.273262023925781,
        "back_left_roll" : 0,
        "back_right_knee" : 121.75420379638672,
        "back_right_pitch" : 58.361156463623047,
        "back_right_roll" : 0,
        "front_left_knee" : 238.30073547363281,
        "front_left_pitch" : -59.393905639648438,
        "front_left_roll" : 0,
        "front_right_knee" : 121.66630554199219,
        "front_right_pitch" : 59.591667175292969,
        "front_right_roll" : 0
}